{
  "actions": [

    {
      "actionName": "incrUser",
      "describe": "增加用户数",
      "retrieve": ["showUserNum"],
      "save": ["incrUser"]
    },
    {
      "actionName": "decrUser",
      "describe": "减少用户数",
      "retrieve": ["showUserNum"],
      "save": ["decrUser"]
    },
    {
      "actionName": "showUserNum",
      "describe": "展示现有用户数量",
      "retrieve": ["showUserNum"]
    },
    {
      "actionName": "showUserInFREQ",
      "describe": "展示一段时间内用户增加的数据",
      "retrieve": ["showUserInFREQ"]
    },
    {
      "actionName": "showUserOutFREQ",
      "describe": "展示一段时间内用户减少的数据",
      "retrieve": ["showUserOutFREQ"]
    },
    {
      "actionName": "addString",
      "describe": "插入String",
      "retrieve": ["showString"],
      "save": ["addString"]
    },
    {
      "actionName": "showString",
      "describe": "显示String",
      "retrieve": ["showString"]
    }
  ]
}