﻿{
  "counters": [

    {
      "counterName": "incrUser",
      "introduction": "增加用户数",
      "counterIndex": "1",
      "type": "numList",
      "keyField": ["user","userInList"],
      "valueField": "2"
    },

    {
      "counterName": "decrUser",
      "introduction": "减少用户数",
      "counterIndex": "2",
      "type": "numList",
      "keyField": ["user","userOutList"],
      "valueField": "3"
    },
    {
      "counterName": "showUserNum",
      "introduction": "展示现在的用户数量",
      "counterIndex": "3",
      "type": "num",
      "keyField": ["user"]
    },
    {
      "counterName": "showUserInFREQ",
      "introduction": "展示一段时间内用户增加的数据",
      "counterIndex": "4",
      "type": "List",
      "keyField": ["userInList"],
      "FREQ": "202012021200 202012201200"
    },
    {
      "counterName": "showUserOutFREQ",
      "introduction": "展示一段时间内用户减少的数据",
      "counterIndex": "5",
      "type": "List",
      "keyField": ["userOutList"],
      "FREQ": "202012021200 202012201200"
    },
    {
      "counterName": "addString",
      "counterIndex": "6",
      "type": "str",
      "keyField": ["str","strAddList"],
      "valueField": "test"
    },
    {
      "counterName": "showString",
      "counterIndex": "7",
      "type": "str",
      "keyField": ["str"]
    }

  ]
}